,Store ID ,Store_Area,Items_Available,Daily_Customer_Count,Store_Sales
count,896.0,896.0,896.0,896.0,896.0
mean,448.5,1485.4095982142858,1782.0357142857142,786.3504464285714,59351.30580357143
std,258.797217913949,250.2370109531925,299.87205252419875,265.3892807672703,17190.74189487829
min,1.0,775.0,932.0,10.0,14920.0
25%,224.75,1316.75,1575.5,600.0,46530.0
50%,448.5,1477.0,1773.5,780.0,58605.0
75%,672.25,1653.5,1982.75,970.0,71872.5
max,896.0,2229.0,2667.0,1560.0,116320.0
